{
	"credit": "Made with Blockbench",
	"texture_size": [64, 64],
	"textures": {
		"1": "item/diamond_boots"
	},
	"elements": [
		{
			"name": "left_leg",
			"from": [3, -1, 5],
			"to": [9, 13, 11],
			"rotation": {"angle": 0, "axis": "y", "origin": [8, 0, 8]},
			"faces": {
				"north": {"uv": [10, 1, 9, 4], "texture": "#1"},
				"east": {"uv": [11, 1, 10, 4], "texture": "#1"},
				"south": {"uv": [12, 1, 11, 4], "texture": "#1"},
				"west": {"uv": [9, 1, 8, 4], "texture": "#1"},
				"up": {"uv": [9, 1, 10, 0], "texture": "#1"},
				"down": {"uv": [10, 0, 11, 1], "texture": "#1"}
			}
		},
		{
			"name": "right_leg",
			"from": [7, -1, 5],
			"to": [13, 13, 11],
			"rotation": {"angle": 0, "axis": "y", "origin": [8, 0, 8]},
			"faces": {
				"north": {"uv": [9, 1, 10, 4], "texture": "#1"},
				"east": {"uv": [8, 1, 9, 4], "texture": "#1"},
				"south": {"uv": [11, 1, 12, 4], "texture": "#1"},
				"west": {"uv": [10, 1, 11, 4], "texture": "#1"},
				"up": {"uv": [10, 1, 9, 0], "texture": "#1"},
				"down": {"uv": [11, 0, 10, 1], "texture": "#1"}
			}
		}
	],
	"gui_light": "front",
	"display": {
		"thirdperson_righthand": {
			"rotation": [90, 0, 0],
			"translation": [0, 1.25, 4],
			"scale": [0.6, 0.6, 0.6]
		},
		"thirdperson_lefthand": {
			"rotation": [90, 0, 0],
			"translation": [0, 1.25, 4],
			"scale": [0.6, 0.6, 0.6]
		},
		"firstperson_righthand": {
			"translation": [0, 10, 0],
			"scale": [1.2, 1.2, 1.2]
		},
		"firstperson_lefthand": {
			"translation": [0, 10, 0],
			"scale": [1.2, 1.2, 1.2]
		},
		"ground": {
			"translation": [0, 4.75, 0]
		},
		"gui": {
			"rotation": [20, 155, 0],
			"translation": [0, 6.5, 0],
			"scale": [1.2, 1.2, 1.2]
		},
		"fixed": {
			"translation": [0, 11, -3.75],
			"scale": [2, 2, 2]
		}
	},
	"groups": [
		{
			"name": "left_leg",
			"origin": [-2, 12, 0],
			"color": 0,
			"children": [0]
		},
		{
			"name": "right_leg",
			"origin": [2, 12, 0],
			"color": 0,
			"children": [1]
		}
	]
}