{
	"credit": "Made with Blockbench",
	"texture_size": [32, 32],
	"textures": {
		"0": "item/bow",
		"particle": "item/bow"
	},
	"elements": [
		{
			"from": [7, 5.96142, 1.63896],
			"to": [9, 10.96142, 3.63896],
			"rotation": {"angle": 0, "axis": "y", "origin": [1, -5.03858, -4.36104]},
			"faces": {
				"north": {"uv": [6, 0, 7, 2.5], "texture": "#0"},
				"east": {"uv": [2, 6, 3, 8.5], "texture": "#0"},
				"south": {"uv": [6, 2.5, 7, 5], "texture": "#0"},
				"west": {"uv": [3, 6, 4, 8.5], "texture": "#0"},
				"up": {"uv": [9, 8.5, 8, 7.5], "texture": "#0"},
				"down": {"uv": [3, 8.5, 2, 9.5], "texture": "#0"}
			}
		},
		{
			"from": [7.1, 15.61651, -0.81917],
			"to": [8.9, 21.41651, 0.98083],
			"rotation": {"angle": 45, "axis": "x", "origin": [8, 10.15102, -0.91917]},
			"faces": {
				"north": {"uv": [2, 0, 3, 3], "texture": "#0"},
				"east": {"uv": [3, 0, 4, 3], "texture": "#0"},
				"south": {"uv": [2, 3, 3, 6], "texture": "#0"},
				"west": {"uv": [3, 3, 4, 6], "texture": "#0"},
				"up": {"uv": [4, 9.5, 3, 8.5], "texture": "#0"},
				"down": {"uv": [9, 8.5, 8, 9.5], "texture": "#0"}
			}
		},
		{
			"from": [7.25, 11.56136, 10.35429],
			"to": [8.75, 13.06136, 12.85429],
			"rotation": {"angle": -22.5, "axis": "x", "origin": [8, 7.31136, -3.2612]},
			"faces": {
				"north": {"uv": [4, 9, 5, 10], "texture": "#0"},
				"east": {"uv": [8, 0, 9.5, 1], "texture": "#0"},
				"south": {"uv": [9, 4, 10, 5], "texture": "#0"},
				"west": {"uv": [8, 1, 9.5, 2], "texture": "#0"},
				"up": {"uv": [9, 3.5, 8, 2], "texture": "#0"},
				"down": {"uv": [9, 3.5, 8, 5], "texture": "#0"}
			}
		},
		{
			"from": [7.25, 10.75, 2.195],
			"to": [8.75, 14.25, 3.695],
			"rotation": {"angle": 22.5, "axis": "x", "origin": [8, 11.5, 1.945]},
			"faces": {
				"north": {"uv": [4, 6, 5, 8], "texture": "#0"},
				"east": {"uv": [5, 6, 6, 8], "texture": "#0"},
				"south": {"uv": [6, 5, 7, 7], "texture": "#0"},
				"west": {"uv": [7, 0, 8, 2], "texture": "#0"},
				"up": {"uv": [10, 3, 9, 2], "texture": "#0"},
				"down": {"uv": [10, 3, 9, 4], "texture": "#0"}
			}
		},
		{
			"from": [7.1, -4.41651, -0.81917],
			"to": [8.9, 1.38349, 0.98083],
			"rotation": {"angle": -45, "axis": "x", "origin": [8, 6.84898, -0.91917]},
			"faces": {
				"north": {"uv": [2, 3, 3, 0], "texture": "#0"},
				"east": {"uv": [3, 3, 4, 0], "texture": "#0"},
				"south": {"uv": [2, 6, 3, 3], "texture": "#0"},
				"west": {"uv": [3, 6, 4, 3], "texture": "#0"},
				"up": {"uv": [9, 9.5, 8, 8.5], "texture": "#0"},
				"down": {"uv": [4, 8.5, 3, 9.5], "texture": "#0"}
			}
		},
		{
			"from": [7.25, 3.93864, 10.35429],
			"to": [8.75, 5.43864, 12.85429],
			"rotation": {"angle": 22.5, "axis": "x", "origin": [8, 9.68864, -3.2612]},
			"faces": {
				"north": {"uv": [4, 10, 5, 9], "texture": "#0"},
				"east": {"uv": [8, 1, 9.5, 0], "texture": "#0"},
				"south": {"uv": [9, 5, 10, 4], "texture": "#0"},
				"west": {"uv": [8, 2, 9.5, 1], "texture": "#0"},
				"up": {"uv": [9, 5, 8, 3.5], "texture": "#0"},
				"down": {"uv": [9, 2, 8, 3.5], "texture": "#0"}
			}
		},
		{
			"from": [7.25, 2.75, 2.195],
			"to": [8.75, 6.25, 3.695],
			"rotation": {"angle": -22.5, "axis": "x", "origin": [8, 5.5, 1.945]},
			"faces": {
				"north": {"uv": [4, 8, 5, 6], "texture": "#0"},
				"east": {"uv": [5, 8, 6, 6], "texture": "#0"},
				"south": {"uv": [6, 7, 7, 5], "texture": "#0"},
				"west": {"uv": [7, 2, 8, 0], "texture": "#0"},
				"up": {"uv": [10, 4, 9, 3], "texture": "#0"},
				"down": {"uv": [10, 2, 9, 3], "texture": "#0"}
			}
		},
		{
			"from": [7.75, -0.75, 8.805],
			"to": [8.25, 17.75, 9.305],
			"rotation": {"angle": 0, "axis": "y", "origin": [0.5, 1, -3.945]},
			"faces": {
				"north": {"uv": [0, 0, 0.5, 9.5], "texture": "#0"},
				"east": {"uv": [0.5, 0, 1, 9.5], "texture": "#0"},
				"south": {"uv": [1, 0, 1.5, 9.5], "texture": "#0"},
				"west": {"uv": [1.5, 0, 2, 9.5], "texture": "#0"},
				"up": {"uv": [6, 8.5, 5.5, 8], "texture": "#0"},
				"down": {"uv": [6, 8.5, 5.5, 9], "texture": "#0"}
			}
		}
	],
	"gui_light": "front",
	"display": {
		"thirdperson_righthand": {
			"translation": [-1.5, -3.75, 6.25]
		},
		"thirdperson_lefthand": {
			"translation": [-1.5, -3.75, 6.25]
		},
		"ground": {
			"rotation": [0, 0, 90]
		},
		"gui": {
			"rotation": [90, 45, -90],
			"translation": [-0.75, 0, 0]
		},
		"fixed": {
			"rotation": [0, -90, 0]
		}
	}
}